Address,Postcode
"1 Holkham House, Stapylton Road, Barnet",EN5 4JH
"2 Greta Street South, Pelton",DH2 1PD
"14 Old Oak Close, Leeds",LS16 5HD
"21 Gower Street, Port Talbot",SA13 1SL
"3 Talbot Road, Isleworth",TW7 7HG
"164B Pagham Road, Bognor Regis",PO21 3QD
"4 Illtyd Avenue, Llantwit Major",CF61 1TG
"28 Gladeside Close, Walsall",WS4 1TQ
"43 The Twistle, Byfield",NN11 6UR
"Glebe Farm, Cold Harbour Road, Lenham",ME17 2EA
"36 Barroon, Castle Donington",DE74 2PE
"29 Clifton Street, Chesterfield",S40 1DQ
"1 Sandalwood Court, Newport",NP19 8AP
"11 Orchard Drive, Salcombe",TQ8 8FL
"Maravista, Relubbus",TR20 9DD
"2 Ashford Close, Plymouth",PL3 5AG
"14 Vicarage Road, Stony Stratford",MK11 1BN
"108 Wales Farm Road, London",W3 6UF
"Park View Cottage, Main Street, Crawcrook",NE40 4ND
"4 Elm Close, Warlingham",CR6 9NH
"39 The Promenade, Scratby",NR29 3PA
"1 Highfield Lane, Huddersfield",HD5 0BA
"17 Tyrrell Gardens, Bournemouth",BH8 0LF
"Woodside Grange Care Home, Tedder Avenue, Thornaby",TS17 9JP
"Meadfoot Meadow, Ermington",PL21 0LQ
"46 Pooles Wharf Court, Bristol",BS8 4PB
"1 Ashcroft Road, Formby",L37 6BH
"12 Grange Park, Rhyl",LL18 4EA
"6 The Barn, Palace Gate Farm, Odiham",RG29 1FU
"9 Cosmic Avenue, Bedford",MK42 9RP
"55 Withybed Lane, Alvechurch",B48 7PJ
"43 Gibbs Green, Edgware",HA8 9RR
"The Oaks, Rooks Castle Farm, Broomfield",TA5 2EW
"11 Broad Street, Windermere",LA23 2AB
"34 Church Terrace, Porth",CF39 0ET
"18 Greenway, Watchet",TA23 0BP
"128 Melbury Avenue, Poole",BH12 4EW
"5 Covent Garden, Redmarley",GL19 3LH
"Bell Green Cottage, Robinson Road, Brightlingsea",CO7 0ST
"9 Mayflower Court, Collingwood Road, Colchester",CO3 9EX
"2 Church Road, Church Lawford",CV23 9EG
"Lady Cottage, 5 Radcliffe Park, Bamburgh",NE69 7AN
"Belevor, 3 Street Meadow, South Warnborough",RG29 1RD
"27 Lax Lane, Bewdley",DY12 2DZ
"4 Barrow Walk, Birmingham",B5 7LD
"10 Lincoln Close, Keynsham",BS31 2LJ
"6 Maes Hyfryd, Moelfre",LL72 8LR
"Westleigh, Hoodown, Kingswear",TQ6 0AZ
"298 Oaktree Crescent, Bradley Stoke",BS32 9AJ
"2 Ullesthorpe House, College Street, Ullesthorpe",LE17 5BU
"10 Horner Place, Witham",CM8 2UG
"32 Merrivale, London",N14 4SL
"51 Marketstead Estate, Kirton",PE20 1JL
"56 - 57 Cheapside, London",EC2V 6AU
"16 The Octagon, Corby",NN17 1DW
"7 Deanswood Road, Tadley",RG26 4DB
"Ascot House, Main Road, Lower Somersham",IP8 4QF
"Unit 1 Edwards Road, Runcorn",WA7 2XP
"1 Hogarth Close, Willenhall",WV13 3BE
"64 Southlands Drive, West Cross",SA3 5RJ
"121 Bradley Road, Luton",LU4 8SW
"90A Hornsey Lane, London",N6 5LT
"Roka, Brentwood Road, Ongar",CM5 9DD
"Little Park, Trimpley Lane, Shatterford",DY12 1RQ
"The Calibration House, Perry Road, Harlow",CM18 7NR
"Bassetts, Spain Lane, Burkham",GU34 5RT
"3 Station Road, St. Bees",CA27 0DN
"Greenmantle, Marthwaite",LA10 5HT
"18 The Wynding, Bamburgh",NE69 7DB
"Oaklands Lodge, Riding Mill",NE44 6AT
"Barn 4, Old Dunnington Farm And Dunnington Lodge, Dunnington",B49 5NU
"36 Seathorpe Avenue, Minster On Sea",ME12 2LT
"157 Barclay Road, Smethwick",B67 5JZ
"18 Langsmead, Blindley Heath",RH7 6JT
"8 - 10 St Marys Square, Horncastle",LN9 5HJ
"88 Priorswood Road, Taunton",TA2 7QQ
"140A Friary Road, Peckham",SE15 5UW
"56 Windmill Street, Gravesend",DA12 1BB
"Four Winds, Downs Road, Witney",OX29 0RF
"6 Rock Terrace, Harlech",LL46 2SP
"Flat 2, Wellington House, 1A Pensbury Place, London",SW8 4TP
"Birch Cottage, Stoney Cross, Cradley",WR13 5JB
"Apartment 4, 1A Oxford Road, Moseley",B13 9EJ
"176 Strouden Road, Bournemouth",BH9 1QP
"10 Tenby Street South, Birmingham",B1 3DN
"43 Cheviotdale, Hull",HU7 4AW
"Apartment 56, Castle Mews, Castle Street, Eccleshall",ST21 6EZ
"21 Carnforth Road, Sompting",BN15 9TG
"Flat C, Wright-Phillips House, 136 St Norbert Road, London",SE4 2FG
"52 Sheldon Heath Road, Birmingham",B26 2DH
"120 Edmund Street, Birmingham",B3 2QZ
"177 Valley Drive, Gravesend",DA12 5SB
"11 Kingsley Avenue, Rhyl",LL18 2ES
"Flat 12, Latimer Court, Earlswood",RH1 6HR
"24 Haley Street, Willenhall",WV12 4JT
"Bonds Pool Cottage, Bonds Pool, Langport",TA10 9QJ
"8 Old Orchard, St Michaels Place, Waterlooville",PO7 7GT
"6 Guild Way, South Woodham Ferrers",CM3 5TG
"65 Cateran Way, Cramlington",NE23 6EY
"1 Landguard Road, Shanklin",PO37 7JU
