"principal_member","optional_member","address","celphone","date_birth","email","credit_card_number","money","numbers","hour"
"Santistevan Daniel","Giovanni Luettgen","1 Holkham House, Stapylton Road, Barnet","(159)-852-1546",1910-02-11,"anifto@pa.jlt","8447-4858-1305-5870","35.17 ",27160,"1:30 am"
"Exner Allison","Denise Rice","2 Greta Street South, Pelton","(645)-731-1345",1975-10-07,"zsro@mxuzsp.qln","4799-9642-9245-3781","4.33 ",24918,"2:30 am"
"Martinez-Mercado Jordan","Irma Bergstrom","14 Old Oak Close, Leeds","(247)-387-8764",2014-10-02,"xlbqi@l.zxq","5457-6159-5102-6505","26.35 ",25685,"3:30 am"
"el-Rizk Azhaar","Kathrin Blanda","21 Gower Street, Port Talbot","(389)-645-3956",2016-02-11,"fz@kngd.xwd","7460-8492-8096-6441","67.33 ",13818,"4:30 am"
"el-Kanan Daamir","Jame Hoppe","3 Talbot Road, Isleworth","(836)-241-1647",2002-06-20,"pvfyazlmx@t.nyr","3567-6354-1720-2269","20.44 ",14698,"5:30 am"
"el-Azzam Mumtaaza","Calvin Schaden","164B Pagham Road, Bognor Regis","(984)-254-8654",1918-04-19,"fs@eb.zpg","8112-8553-9140-8369","54.52 ",3040,"1:15 am"
"Burton Rewina","Stefan Robel","4 Illtyd Avenue, Llantwit Major","(127)-369-7241",2017-12-27,"xbnqr@jmkruflib.rfu","7002-9482-1267-2071","81.65 ",15623,"2:15 am"
"Martinez Theo","Bridgett Crist","28 Gladeside Close, Walsall","(763)-169-8421",1998-07-10,"raplz@dxuqlniwz.rum","4344-8974-9550-3012","17.84 ",20996,"3:15 am"
"al-Edris Saleel","Denny Hoeger","43 The Twistle, Byfield","(619)-713-2839",2006-11-09,"oyxv@leric.riu","5893-1531-2984-1103","51.52 ",41147,"4:15 am"
"Wirsching Dakota","Paulette Miller","Glebe Farm, Cold Harbour Road, Lenham","(549)-687-9637",2009-12-31,"mqrlgkzwh@qameodstjl.tve","1901-5751-1753-5724","59.61 ",15301,"5:15 am"
"Vergari Robert","Jacquie Wolf","36 Barroon, Castle Donington","(851)-291-5126",1914-09-04,"afwbl@i.yzc","5802-2206-6081-1886","49.79 ",5137,"6:15 am"
"Shafeeq Raymond Kiet","Harris Pfannerstill","29 Clifton Street, Chesterfield","(827)-519-5769",1923-08-23,"gvwalxqtyk@cj.btw","5917-6086-6134-4213","61.26 ",27876,"7:15 am"
"Quintana Esequiel","Sonia Ferry","1 Sandalwood Court, Newport","(634)-763-1629",1922-06-01,"sj@wogfcjz.mvf","3070-5340-6768-7685","90.15 ",7034,"8:15 am"
"Singal Jea Goun","Nicole Parker","11 Orchard Drive, Salcombe","(453)-928-5963",1989-10-16,"azbgeofdl@njvgfi.zea","6557-2696-2053-3697","25.47 ",19086,"9:15 am"
"Velie Joseph","Arleen Wiza","Maravista, Relubbus","(438)-218-7162",1981-07-20,"iwvxc@gnobc.nkh","3952-6840-5682-4296","9.31 ",14107,"10:15 am"
"Chavez-Vazquez Alicia","Wanda Reynolds","2 Ashford Close, Plymouth","(572)-518-1958",1932-02-11,"zulnj@klji.rle","5564-8722-4143-5474","81.9 ",10041,"1:00 am"
"Rea Alexandra","Tennille Barton","14 Vicarage Road, Stony Stratford","(431)-514-9865",1934-07-04,"rtpjowg@y.bco","4936-9877-5401-3675","99.85 ",35808,"2:00 am"
"Velazquez Lauren","Lurlene McGlynn","108 Wales Farm Road, London","(618)-132-8765",1915-04-02,"nw@gytewurdnx.sgf","5604-4155-1648-8994","66.86 ",45194,"3:00 am"
"Contreras Osvaldo","Anita Glover","Park View Cottage, Main Street, Crawcrook","(172)-389-9745",1932-11-15,"vnostdl@pk.sbn","3252-1943-8976-4126","54.58 ",19228,"4:00 am"
"Super Jordan","Annika Abernathy","4 Elm Close, Warlingham","(154)-687-1463",1944-06-03,"e@ohtalr.lei","6331-4365-2504-2262","67.14 ",14981,"5:00 am"
"Kim Katherine","Lanny Hickle","39 The Promenade, Scratby","(198)-418-7634",1934-03-08,"brtif@n.utl","7393-3401-1046-4656","28.34 ",43848,"6:00 am"
"Danner Deion","Clement Roob","1 Highfield Lane, Huddersfield","(236)-769-3694",1957-01-14,"ibwdln@iwjdvlzg.qji","8499-1423-3937-1685","17.38 ",38724,"1:00 am"
"Cervantez Sierra","Elane Thiel","17 Tyrrell Gardens, Bournemouth","(392)-439-2819",1903-12-30,"ahzyxuwn@rjltxzcshw.pdx","9637-2697-9170-3833","56.8 ",32262,"2:00 am"
"Mondragon Danielle","Jorge Cormier","Woodside Grange Care Home, Tedder Avenue, Thornaby","(319)-972-1762",1925-10-23,"fxtu@yigdjhfv.lvn","8205-3253-2518-8419","25.4 ",47298,"3:00 am"
"Flores Jennifer","Stuart Jaskolski","Meadfoot Meadow, Ermington","(152)-952-6345",2021-02-14,"m@zikhb.dqr","6781-6733-8712-2912","78.39 ",43862,"4:00 am"
"Monroe Robert","Eugena Gutkowski","46 Pooles Wharf Court, Bristol","(369)-617-2796",1963-10-01,"rbx@vfd.gcp","5591-2017-9269-1441","55.41 ",42010,"5:00 pm"
"Perez Antonio","Issac Kerluke","1 Ashcroft Road, Formby","(274)-467-2465",2000-03-22,"btizmwqhv@x.cml","4579-8150-2725-6215","87.17 ",31657,"6:00 pm"
"Rodriguez Irene","Jody Trantow","12 Grange Park, Rhyl","(347)-264-6458",1916-08-03,"prb@lbiytzcrfs.xut","8401-8089-8948-8683","7.51 ",20149,"1:00 pm"
"Merryman Allen","Enrique Jacobson","6 The Barn, Palace Gate Farm, Odiham","(496)-872-8439",1933-05-17,"bk@lzuahrjx.zkl","3180-8890-3274-7446","86 ",49348,"2:00 pm"
"Otano Thomas","Lavelle Gleason","9 Cosmic Avenue, Bedford","(741)-517-1824",1948-12-02,"j@zeakbcguv.pcr","5381-6777-9006-9422","68.41 ",38587,"3:00 pm"
"Helms Madison","Carli Stiedemann","55 Withybed Lane, Alvechurch","(512)-276-6124",1976-02-08,"oc@zrnhcg.mjp","9203-3254-8360-7657","83.9 ",44951,"1:15 pm"
"Evans Kaemon","Berenice Raynor","43 Gibbs Green, Edgware","(157)-396-3497",1927-12-18,"bdxgzkl@bxdoq.uic","4302-2231-8415-9670","86.42 ",45410,"2:15 pm"
"al-Yousef Haani","Woodrow Bins","The Oaks, Rooks Castle Farm, Broomfield","(275)-697-5942",2014-08-28,"japen@qjn.jga","5435-9666-7463-3279","46.3 ",29319,"3:15 pm"
"al-Hana Kamaaluddeen","Arlen Wiegand","11 Broad Street, Windermere","(981)-637-9473",1912-03-09,"dqyulbaogm@qwmdzb.opx","6937-8897-7501-1905","57.66 ",4725,"4:15 pm"
"Price Stephanie","Rolando Heidenreich","34 Church Terrace, Porth","(847)-475-6143",1979-06-03,"hkeyjtbcap@idq.chx","2922-3518-3881-8481","68.47 ",28160,"5:15 pm"
"Sayasane Shivani","Miquel Mann","18 Greenway, Watchet","(138)-985-3847",1963-11-05,"hdxmgra@hyapxgul.bhf","8483-5617-1865-9475","32.53 ",26241,"6:15 pm"
"al-Shakoor Zain","Clifford Parker","128 Melbury Avenue, Poole","(231)-243-6491",1925-03-16,"tafhigdc@odqavjh.pnq","5454-2469-4614-9331","99.74 ",30384,"7:15 pm"
"Walker Adrian","Jayson Herman","5 Covent Garden, Redmarley","(257)-975-9523",2002-01-12,"uckjbfwq@oh.ova","7303-7313-6264-6044","26.43 ",36645,"8:15 pm"
"O'Connor Darian","Alonzo Hickle","Bell Green Cottage, Robinson Road, Brightlingsea","(537)-631-5679",1926-08-06,"usqriafdhk@y.uey","6661-5952-4462-3531","23.65 ",5772,"9:15 pm"
"Porco Mequila","Shanti Rolfson","9 Mayflower Court, Collingwood Road, Colchester","(287)-526-3481",1924-07-03,"lnv@hjmrsgvibt.txe","3564-3885-9981-3692","72.99 ",45673,"10:15 pm"
"al-Aboud Najiyya","Jeniffer Tremblay","2 Church Road, Church Lawford","(295)-734-1937",1964-11-09,"penajhizsx@gojrxbh.zfi","8496-6726-3736-8791","90.53 ",3163,"18:14 pm"
"Cervi Jared","Augustus Wisoky","Lady Cottage, 5 Radcliffe Park, Bamburgh","(741)-581-3579",2000-07-31,"muxlztf@kthwyjfen.jri","6497-1373-5271-7011","98.11 ",38255,"9:5 pm"
"Miller Alexa","Chris Wilderman","Belevor, 3 Street Meadow, South Warnborough","(482)-894-5263",2007-07-10,"xsfqpyjtwi@tvelyskmb.xsy","7974-6383-2643-8047","48.83 ",45087,"21:2 pm"
"Jun Hmohngchee","Ivey Harris","27 Lax Lane, Bewdley","(436)-457-2593",1956-03-06,"xjkm@yislcjdtqx.swm","2182-9214-6689-6781","98.23 ",27110,"16:30 pm"
"Matano Aimee","Alfredo Friesen","4 Barrow Walk, Birmingham","(491)-523-4965",2004-05-12,"aisprcof@hqgev.cvg","7651-7257-7819-7408","93.3 ",31322,"8:12 pm"
"Baca Samantha","Thora Miller","10 Lincoln Close, Keynsham","(317)-168-5674",1944-01-18,"hvcfmi@mzeyfvo.typ","5547-7172-5464-1667","69.1 ",33238,"23:39 pm"
"Bennett Patrick","Annett Mosciski","6 Maes Hyfryd, Moelfre","(267)-985-6935",1925-11-29,"r@yrafbdqoej.eyg","4873-5732-3611-1430","70.91 ",4212,"7:42 pm"
"Vickerman Jared","Nolan Davis","Westleigh, Hoodown, Kingswear","(514)-325-9362",1974-01-23,"itxf@bhile.mrn","8605-7650-5175-4294","60.19 ",20976,"20:6 pm"
"Te Brian","Desmond Heathcote","298 Oaktree Crescent, Bradley Stoke","(963)-842-1547",1963-03-31,"hlwyifcr@fxmrc.lam","4866-3408-7755-6736","35.04 ",38234,"14:25 pm"
"Edler Donovan","Carmel Hermiston","2 Ullesthorpe House, College Street, Ullesthorpe","(718)-963-8965",1973-11-11,"vmnfrju@lmjrfyesk.yrc","3118-3261-5802-9089","59.2 ",27218,"3:47 pm"
